<?xml version="1.0" encoding="UTF-8"?>
<project-private xmlns="http://www.netbeans.org/ns/project-private/1">
    <editor-bookmarks xmlns="http://www.netbeans.org/ns/editor-bookmarks/2" lastBookmarkId="0"/>
    <open-files xmlns="http://www.netbeans.org/ns/projectui-open-files/2">
        <group>
            <file>file:/Users/sowmyachinimilli/NetBeansProjects/AED_Assignment4/src/MediCare/Person.java</file>
            <file>file:/Users/sowmyachinimilli/NetBeansProjects/AED_Assignment4/src/UI/ViewPersonJPanel.java</file>
            <file>file:/Users/sowmyachinimilli/NetBeansProjects/AED_Assignment4/src/MediCare/Community.java</file>
            <file>file:/Users/sowmyachinimilli/NetBeansProjects/AED_Assignment4/src/MediCare/Patient.java</file>
            <file>file:/Users/sowmyachinimilli/NetBeansProjects/AED_Assignment4/src/MediCare/PersonDirectory.java</file>
            <file>file:/Users/sowmyachinimilli/NetBeansProjects/AED_Assignment4/src/UI/AddPersonJPanel.java</file>
            <file>file:/Users/sowmyachinimilli/NetBeansProjects/AED_Assignment4/src/UI/AddEncounterJPanel.java</file>
            <file>file:/Users/sowmyachinimilli/NetBeansProjects/AED_Assignment4/src/MediCare/Encounter.java</file>
            <file>file:/Users/sowmyachinimilli/NetBeansProjects/AED_Assignment4/src/MediCare/EncounterHistory.java</file>
            <file>file:/Users/sowmyachinimilli/NetBeansProjects/AED_Assignment4/src/UI/MainJFrame.java</file>
            <file>file:/Users/sowmyachinimilli/NetBeansProjects/AED_Assignment4/src/UI/EncounterJPanel.java</file>
            <file>file:/Users/sowmyachinimilli/NetBeansProjects/AED_Assignment4/src/UI/PersonJPanel.java</file>
        </group>
    </open-files>
</project-private>
